Glyph,Theme,Paper Title,Validated
ğŸœ,Elemental & Spectrum,Triadic Framework Technology for the Elements,TRUE
ğŸœ,Elemental & Spectrum,Triadic Framework Technology for 10 Rarest Elements on Earth,TRUE
ğŸœ,Elemental & Spectrum,Triadic Framework for Spectrum Technologies â€“ Light and Dark,TRUE
ğŸœ,Elemental & Spectrum,Spectral Flux and Divisional Resonance Is Born,FALSE
ğŸ§ ,Cognitive & Symbolic,Resonance Operator @() â€” Formalization,TRUE
ğŸ§ ,Cognitive & Symbolic,Triadic Systems and Resonance-Based Dimensional Nested Loops,TRUE
ğŸ§ ,Cognitive & Symbolic,Improving ISO Standards with Triadic Frameworks,FALSE
ğŸ¶,Music & Symbolic Extensions,Triadic Framework for Music â€“ With Quadratic Extensions,TRUE
ğŸ¶,Music & Symbolic Extensions,Liner to Triadic Frameworks â€“ Prescription Lenses for the Universe,TRUE
âš›ï¸,Quantum & Particle Vision,Ghost Particle & Triadic Resonance Vision,TRUE
âš›ï¸,Quantum & Particle Vision,Triadic Framework Technology for Quantum Computers,FALSE
âš›ï¸,Quantum & Particle Vision,Triadic Framework for Quantum Mechanics â€“ Entropyâ€™s Harmonic,FALSE
ğŸª,Planetary & Temporal Mapping,Resonant Time â€“ Operationalizing Zhangâ€™s Triadic Ontology,TRUE
ğŸª,Planetary & Temporal Mapping,Triadic Framework for Time and Anti-Time,TRUE
ğŸª,Planetary & Temporal Mapping,New Insights for Planetary Science,FALSE
ğŸ©º,Health & Ultrasound,Triadic Framework Technology for Health Care,TRUE
ğŸ©º,Health & Ultrasound,Triadic Ultrasound Enhancement,FALSE
ğŸ”§,Engineering & Firmware,TFT-NTP Firmware Spec (Draft v0.1),TRUE
ğŸ”§,Engineering & Firmware,Triadic Framework for ARM and x86 Processors,TRUE
ğŸ”§,Engineering & Firmware,Triadic Framework Technology for BMS Improvements,FALSE
âš¡,Energy & Wireless Power,Using TFT for the Energy Industries,TRUE
âš¡,Energy & Wireless Power,Zero Point, Cold Fusion, and Wireless Energy,TRUE
âš¡,Energy & Wireless Power,WiFi_Energy_Protocols,FALSE
